{"C3": 1, "C5": 2, "C": 3, "Cm": 4, "Cdim": 5, "Caug": 6, "Csus2": 7, "Csus4": 8, "C6": 9, "C7": 10, "C7-5": 11, "Cmaj7b5": 12, "C7+5": 13, "C6sus2": 14, "C7sus2": 15, "C7sus4": 16, "Cm6": 17, "Cm7": 18, "CAmMaj7": 19, "Cm7b5": 20, "Cdim6": 21, "CM7": 22, "CM7+5": 23, "Cadd9": 24, "Cmadd9": 25, "Cadd2": 26, "Cadd4": 27, "Cadd11": 28, "Csus4(add13)": 29, "C6/9": 30, "C6add11": 31, "Cm6add11": 32, "Cadd4add9": 33, "C9": 34, "Cm9": 35, "CM9": 36, "C9sus4": 37, "C7_6": 38, "C7-9": 39, "C7+9": 40, "C9-5": 41, "C9+5": 42, "C7#9b5": 43, "C7#9#5": 44, "C7b9b5": 45, "C7b9#5": 46, "C11": 47, "C7+11": 48, "Cm7add11": 49, "Cmaj11": 50, "Cm11": 51, "C7b9#9": 52, "C7b9#11": 53, "C7#9#11": 54, "C7-13": 55, "Cm7add4": 56, "C9+11": 57, "Cm9+11": 58, "C13": 59, "Cmaj13": 60, "Cmadd13": 61, "C13sus4": 62, "C13-9": 63, "C13+9": 64, "C13+11": 65, "Cm13+11": 66, "Cmadd11": 67, "Db3": 68, "Db5": 69, "Db": 70, "Dbm": 71, "Dbdim": 72, "Dbaug": 73, "Dbsus2": 74, "Dbsus4": 75, "Db6": 76, "Db7": 77, "Db7-5": 78, "Dbmaj7b5": 79, "Db7+5": 80, "Db6sus2": 81, "Db7sus2": 82, "Db7sus4": 83, "Dbm6": 84, "Dbm7": 85, "DbAmMaj7": 86, "Dbm7b5": 87, "Dbdim6": 88, "DbM7": 89, "DbM7+5": 90, "Dbadd9": 91, "Dbmadd9": 92, "Dbadd2": 93, "Dbadd4": 94, "Dbadd11": 95, "Dbsus4(add13)": 96, "Db6/9": 97, "Db6add11": 98, "Dbm6add11": 99, "Dbadd4add9": 100, "Db9": 101, "Dbm9": 102, "DbM9": 103, "Db9sus4": 104, "Db7_6": 105, "Db7-9": 106, "Db7+9": 107, "Db9-5": 108, "Db9+5": 109, "Db7#9b5": 110, "Db7#9#5": 111, "Db7b9b5": 112, "Db7b9#5": 113, "Db11": 114, "Db7+11": 115, "Dbm7add11": 116, "Dbmaj11": 117, "Dbm11": 118, "Db7b9#9": 119, "Db7b9#11": 120, "Db7#9#11": 121, "Db7-13": 122, "Dbm7add4": 123, "Db9+11": 124, "Dbm9+11": 125, "Db13": 126, "Dbmaj13": 127, "Dbmadd13": 128, "Db13sus4": 129, "Db13-9": 130, "Db13+9": 131, "Db13+11": 132, "Dbm13+11": 133, "Dbmadd11": 134, "D3": 135, "D5": 136, "D": 137, "Dm": 138, "Ddim": 139, "Daug": 140, "Dsus2": 141, "Dsus4": 142, "D6": 143, "D7": 144, "D7-5": 145, "Dmaj7b5": 146, "D7+5": 147, "D6sus2": 148, "D7sus2": 149, "D7sus4": 150, "Dm6": 151, "Dm7": 152, "DAmMaj7": 153, "Dm7b5": 154, "Ddim6": 155, "DM7": 156, "DM7+5": 157, "Dadd9": 158, "Dmadd9": 159, "Dadd2": 160, "Dadd4": 161, "Dadd11": 162, "Dsus4(add13)": 163, "D6/9": 164, "D6add11": 165, "Dm6add11": 166, "Dadd4add9": 167, "D9": 168, "Dm9": 169, "DM9": 170, "D9sus4": 171, "D7_6": 172, "D7-9": 173, "D7+9": 174, "D9-5": 175, "D9+5": 176, "D7#9b5": 177, "D7#9#5": 178, "D7b9b5": 179, "D7b9#5": 180, "D11": 181, "D7+11": 182, "Dm7add11": 183, "Dmaj11": 184, "Dm11": 185, "D7b9#9": 186, "D7b9#11": 187, "D7#9#11": 188, "D7-13": 189, "Dm7add4": 190, "D9+11": 191, "Dm9+11": 192, "D13": 193, "Dmaj13": 194, "Dmadd13": 195, "D13sus4": 196, "D13-9": 197, "D13+9": 198, "D13+11": 199, "Dm13+11": 200, "Dmadd11": 201, "Eb3": 202, "Eb5": 203, "Eb": 204, "Ebm": 205, "Ebdim": 206, "Ebaug": 207, "Ebsus2": 208, "Ebsus4": 209, "Eb6": 210, "Eb7": 211, "Eb7-5": 212, "Ebmaj7b5": 213, "Eb7+5": 214, "Eb6sus2": 215, "Eb7sus2": 216, "Eb7sus4": 217, "Ebm6": 218, "Ebm7": 219, "EbAmMaj7": 220, "Ebm7b5": 221, "Ebdim6": 222, "EbM7": 223, "EbM7+5": 224, "Ebadd9": 225, "Ebmadd9": 226, "Ebadd2": 227, "Ebadd4": 228, "Ebadd11": 229, "Ebsus4(add13)": 230, "Eb6/9": 231, "Eb6add11": 232, "Ebm6add11": 233, "Ebadd4add9": 234, "Eb9": 235, "Ebm9": 236, "EbM9": 237, "Eb9sus4": 238, "Eb7_6": 239, "Eb7-9": 240, "Eb7+9": 241, "Eb9-5": 242, "Eb9+5": 243, "Eb7#9b5": 244, "Eb7#9#5": 245, "Eb7b9b5": 246, "Eb7b9#5": 247, "Eb11": 248, "Eb7+11": 249, "Ebm7add11": 250, "Ebmaj11": 251, "Ebm11": 252, "Eb7b9#9": 253, "Eb7b9#11": 254, "Eb7#9#11": 255, "Eb7-13": 256, "Ebm7add4": 257, "Eb9+11": 258, "Ebm9+11": 259, "Eb13": 260, "Ebmaj13": 261, "Ebmadd13": 262, "Eb13sus4": 263, "Eb13-9": 264, "Eb13+9": 265, "Eb13+11": 266, "Ebm13+11": 267, "Ebmadd11": 268, "E3": 269, "E5": 270, "E": 271, "Em": 272, "Edim": 273, "Eaug": 274, "Esus2": 275, "Esus4": 276, "E6": 277, "E7": 278, "E7-5": 279, "Emaj7b5": 280, "E7+5": 281, "E6sus2": 282, "E7sus2": 283, "E7sus4": 284, "Em6": 285, "Em7": 286, "EAmMaj7": 287, "Em7b5": 288, "Edim6": 289, "EM7": 290, "EM7+5": 291, "Eadd9": 292, "Emadd9": 293, "Eadd2": 294, "Eadd4": 295, "Eadd11": 296, "Esus4(add13)": 297, "E6/9": 298, "E6add11": 299, "Em6add11": 300, "Eadd4add9": 301, "E9": 302, "Em9": 303, "EM9": 304, "E9sus4": 305, "E7_6": 306, "E7-9": 307, "E7+9": 308, "E9-5": 309, "E9+5": 310, "E7#9b5": 311, "E7#9#5": 312, "E7b9b5": 313, "E7b9#5": 314, "E11": 315, "E7+11": 316, "Em7add11": 317, "Emaj11": 318, "Em11": 319, "E7b9#9": 320, "E7b9#11": 321, "E7#9#11": 322, "E7-13": 323, "Em7add4": 324, "E9+11": 325, "Em9+11": 326, "E13": 327, "Emaj13": 328, "Emadd13": 329, "E13sus4": 330, "E13-9": 331, "E13+9": 332, "E13+11": 333, "Em13+11": 334, "Emadd11": 335, "F3": 336, "F5": 337, "F": 338, "Fm": 339, "Fdim": 340, "Faug": 341, "Fsus2": 342, "Fsus4": 343, "F6": 344, "F7": 345, "F7-5": 346, "Fmaj7b5": 347, "F7+5": 348, "F6sus2": 349, "F7sus2": 350, "F7sus4": 351, "Fm6": 352, "Fm7": 353, "FAmMaj7": 354, "Fm7b5": 355, "Fdim6": 356, "FM7": 357, "FM7+5": 358, "Fadd9": 359, "Fmadd9": 360, "Fadd2": 361, "Fadd4": 362, "Fadd11": 363, "Fsus4(add13)": 364, "F6/9": 365, "F6add11": 366, "Fm6add11": 367, "Fadd4add9": 368, "F9": 369, "Fm9": 370, "FM9": 371, "F9sus4": 372, "F7_6": 373, "F7-9": 374, "F7+9": 375, "F9-5": 376, "F9+5": 377, "F7#9b5": 378, "F7#9#5": 379, "F7b9b5": 380, "F7b9#5": 381, "F11": 382, "F7+11": 383, "Fm7add11": 384, "Fmaj11": 385, "Fm11": 386, "F7b9#9": 387, "F7b9#11": 388, "F7#9#11": 389, "F7-13": 390, "Fm7add4": 391, "F9+11": 392, "Fm9+11": 393, "F13": 394, "Fmaj13": 395, "Fmadd13": 396, "F13sus4": 397, "F13-9": 398, "F13+9": 399, "F13+11": 400, "Fm13+11": 401, "Fmadd11": 402, "F#3": 403, "F#5": 404, "F#": 405, "F#m": 406, "F#dim": 407, "F#aug": 408, "F#sus2": 409, "F#sus4": 410, "F#6": 411, "F#7": 412, "F#7-5": 413, "F#maj7b5": 414, "F#7+5": 415, "F#6sus2": 416, "F#7sus2": 417, "F#7sus4": 418, "F#m6": 419, "F#m7": 420, "F#AmMaj7": 421, "F#m7b5": 422, "F#dim6": 423, "F#M7": 424, "F#M7+5": 425, "F#add9": 426, "F#madd9": 427, "F#add2": 428, "F#add4": 429, "F#add11": 430, "F#sus4(add13)": 431, "F#6/9": 432, "F#6add11": 433, "F#m6add11": 434, "F#add4add9": 435, "F#9": 436, "F#m9": 437, "F#M9": 438, "F#9sus4": 439, "F#7_6": 440, "F#7-9": 441, "F#7+9": 442, "F#9-5": 443, "F#9+5": 444, "F#7#9b5": 445, "F#7#9#5": 446, "F#7b9b5": 447, "F#7b9#5": 448, "F#11": 449, "F#7+11": 450, "F#m7add11": 451, "F#maj11": 452, "F#m11": 453, "F#7b9#9": 454, "F#7b9#11": 455, "F#7#9#11": 456, "F#7-13": 457, "F#m7add4": 458, "F#9+11": 459, "F#m9+11": 460, "F#13": 461, "F#maj13": 462, "F#madd13": 463, "F#13sus4": 464, "F#13-9": 465, "F#13+9": 466, "F#13+11": 467, "F#m13+11": 468, "F#madd11": 469, "G3": 470, "G5": 471, "G": 472, "Gm": 473, "Gdim": 474, "Gaug": 475, "Gsus2": 476, "Gsus4": 477, "G6": 478, "G7": 479, "G7-5": 480, "Gmaj7b5": 481, "G7+5": 482, "G6sus2": 483, "G7sus2": 484, "G7sus4": 485, "Gm6": 486, "Gm7": 487, "GAmMaj7": 488, "Gm7b5": 489, "Gdim6": 490, "GM7": 491, "GM7+5": 492, "Gadd9": 493, "Gmadd9": 494, "Gadd2": 495, "Gadd4": 496, "Gadd11": 497, "Gsus4(add13)": 498, "G6/9": 499, "G6add11": 500, "Gm6add11": 501, "Gadd4add9": 502, "G9": 503, "Gm9": 504, "GM9": 505, "G9sus4": 506, "G7_6": 507, "G7-9": 508, "G7+9": 509, "G9-5": 510, "G9+5": 511, "G7#9b5": 512, "G7#9#5": 513, "G7b9b5": 514, "G7b9#5": 515, "G11": 516, "G7+11": 517, "Gm7add11": 518, "Gmaj11": 519, "Gm11": 520, "G7b9#9": 521, "G7b9#11": 522, "G7#9#11": 523, "G7-13": 524, "Gm7add4": 525, "G9+11": 526, "Gm9+11": 527, "G13": 528, "Gmaj13": 529, "Gmadd13": 530, "G13sus4": 531, "G13-9": 532, "G13+9": 533, "G13+11": 534, "Gm13+11": 535, "Gmadd11": 536, "Ab3": 537, "Ab5": 538, "Ab": 539, "Abm": 540, "Abdim": 541, "Abaug": 542, "Absus2": 543, "Absus4": 544, "Ab6": 545, "Ab7": 546, "Ab7-5": 547, "Abmaj7b5": 548, "Ab7+5": 549, "Ab6sus2": 550, "Ab7sus2": 551, "Ab7sus4": 552, "Abm6": 553, "Abm7": 554, "AbAmMaj7": 555, "Abm7b5": 556, "Abdim6": 557, "AbM7": 558, "AbM7+5": 559, "Abadd9": 560, "Abmadd9": 561, "Abadd2": 562, "Abadd4": 563, "Abadd11": 564, "Absus4(add13)": 565, "Ab6/9": 566, "Ab6add11": 567, "Abm6add11": 568, "Abadd4add9": 569, "Ab9": 570, "Abm9": 571, "AbM9": 572, "Ab9sus4": 573, "Ab7_6": 574, "Ab7-9": 575, "Ab7+9": 576, "Ab9-5": 577, "Ab9+5": 578, "Ab7#9b5": 579, "Ab7#9#5": 580, "Ab7b9b5": 581, "Ab7b9#5": 582, "Ab11": 583, "Ab7+11": 584, "Abm7add11": 585, "Abmaj11": 586, "Abm11": 587, "Ab7b9#9": 588, "Ab7b9#11": 589, "Ab7#9#11": 590, "Ab7-13": 591, "Abm7add4": 592, "Ab9+11": 593, "Abm9+11": 594, "Ab13": 595, "Abmaj13": 596, "Abmadd13": 597, "Ab13sus4": 598, "Ab13-9": 599, "Ab13+9": 600, "Ab13+11": 601, "Abm13+11": 602, "Abmadd11": 603, "A3": 604, "A5": 605, "A": 606, "Am": 607, "Adim": 608, "Aaug": 609, "Asus2": 610, "Asus4": 611, "A6": 612, "A7": 613, "A7-5": 614, "Amaj7b5": 615, "A7+5": 616, "A6sus2": 617, "A7sus2": 618, "A7sus4": 619, "Am6": 620, "Am7": 621, "AAmMaj7": 622, "Am7b5": 623, "Adim6": 624, "AM7": 625, "AM7+5": 626, "Aadd9": 627, "Amadd9": 628, "Aadd2": 629, "Aadd4": 630, "Aadd11": 631, "Asus4(add13)": 632, "A6/9": 633, "A6add11": 634, "Am6add11": 635, "Aadd4add9": 636, "A9": 637, "Am9": 638, "AM9": 639, "A9sus4": 640, "A7_6": 641, "A7-9": 642, "A7+9": 643, "A9-5": 644, "A9+5": 645, "A7#9b5": 646, "A7#9#5": 647, "A7b9b5": 648, "A7b9#5": 649, "A11": 650, "A7+11": 651, "Am7add11": 652, "Amaj11": 653, "Am11": 654, "A7b9#9": 655, "A7b9#11": 656, "A7#9#11": 657, "A7-13": 658, "Am7add4": 659, "A9+11": 660, "Am9+11": 661, "A13": 662, "Amaj13": 663, "Amadd13": 664, "A13sus4": 665, "A13-9": 666, "A13+9": 667, "A13+11": 668, "Am13+11": 669, "Amadd11": 670, "Bb3": 671, "Bb5": 672, "Bb": 673, "Bbm": 674, "Bbdim": 675, "Bbaug": 676, "Bbsus2": 677, "Bbsus4": 678, "Bb6": 679, "Bb7": 680, "Bb7-5": 681, "Bbmaj7b5": 682, "Bb7+5": 683, "Bb6sus2": 684, "Bb7sus2": 685, "Bb7sus4": 686, "Bbm6": 687, "Bbm7": 688, "BbAmMaj7": 689, "Bbm7b5": 690, "Bbdim6": 691, "BbM7": 692, "BbM7+5": 693, "Bbadd9": 694, "Bbmadd9": 695, "Bbadd2": 696, "Bbadd4": 697, "Bbadd11": 698, "Bbsus4(add13)": 699, "Bb6/9": 700, "Bb6add11": 701, "Bbm6add11": 702, "Bbadd4add9": 703, "Bb9": 704, "Bbm9": 705, "BbM9": 706, "Bb9sus4": 707, "Bb7_6": 708, "Bb7-9": 709, "Bb7+9": 710, "Bb9-5": 711, "Bb9+5": 712, "Bb7#9b5": 713, "Bb7#9#5": 714, "Bb7b9b5": 715, "Bb7b9#5": 716, "Bb11": 717, "Bb7+11": 718, "Bbm7add11": 719, "Bbmaj11": 720, "Bbm11": 721, "Bb7b9#9": 722, "Bb7b9#11": 723, "Bb7#9#11": 724, "Bb7-13": 725, "Bbm7add4": 726, "Bb9+11": 727, "Bbm9+11": 728, "Bb13": 729, "Bbmaj13": 730, "Bbmadd13": 731, "Bb13sus4": 732, "Bb13-9": 733, "Bb13+9": 734, "Bb13+11": 735, "Bbm13+11": 736, "Bbmadd11": 737, "B3": 738, "B5": 739, "B": 740, "Bm": 741, "Bdim": 742, "Baug": 743, "Bsus2": 744, "Bsus4": 745, "B6": 746, "B7": 747, "B7-5": 748, "Bmaj7b5": 749, "B7+5": 750, "B6sus2": 751, "B7sus2": 752, "B7sus4": 753, "Bm6": 754, "Bm7": 755, "BAmMaj7": 756, "Bm7b5": 757, "Bdim6": 758, "BM7": 759, "BM7+5": 760, "Badd9": 761, "Bmadd9": 762, "Badd2": 763, "Badd4": 764, "Badd11": 765, "Bsus4(add13)": 766, "B6/9": 767, "B6add11": 768, "Bm6add11": 769, "Badd4add9": 770, "B9": 771, "Bm9": 772, "BM9": 773, "B9sus4": 774, "B7_6": 775, "B7-9": 776, "B7+9": 777, "B9-5": 778, "B9+5": 779, "B7#9b5": 780, "B7#9#5": 781, "B7b9b5": 782, "B7b9#5": 783, "B11": 784, "B7+11": 785, "Bm7add11": 786, "Bmaj11": 787, "Bm11": 788, "B7b9#9": 789, "B7b9#11": 790, "B7#9#11": 791, "B7-13": 792, "Bm7add4": 793, "B9+11": 794, "Bm9+11": 795, "B13": 796, "Bmaj13": 797, "Bmadd13": 798, "B13sus4": 799, "B13-9": 800, "B13+9": 801, "B13+11": 802, "Bm13+11": 803, "Bmadd11": 804}