{"1": "C3", "2": "C5", "3": "C", "4": "Cm", "5": "Cdim", "6": "Caug", "7": "Csus2", "8": "Csus4", "9": "C6", "10": "C7", "11": "C7-5", "12": "Cmaj7b5", "13": "C7+5", "14": "C6sus2", "15": "C7sus2", "16": "C7sus4", "17": "Cm6", "18": "Cm7", "19": "CAmMaj7", "20": "Cm7b5", "21": "Cdim6", "22": "CM7", "23": "CM7+5", "24": "Cadd9", "25": "Cmadd9", "26": "Cadd2", "27": "Cadd4", "28": "Cadd11", "29": "Csus4(add13)", "30": "C6/9", "31": "C6add11", "32": "Cm6add11", "33": "Cadd4add9", "34": "C9", "35": "Cm9", "36": "CM9", "37": "C9sus4", "38": "C7_6", "39": "C7-9", "40": "C7+9", "41": "C9-5", "42": "C9+5", "43": "C7#9b5", "44": "C7#9#5", "45": "C7b9b5", "46": "C7b9#5", "47": "C11", "48": "C7+11", "49": "Cm7add11", "50": "Cmaj11", "51": "Cm11", "52": "C7b9#9", "53": "C7b9#11", "54": "C7#9#11", "55": "C7-13", "56": "Cm7add4", "57": "C9+11", "58": "Cm9+11", "59": "C13", "60": "Cmaj13", "61": "Cmadd13", "62": "C13sus4", "63": "C13-9", "64": "C13+9", "65": "C13+11", "66": "Cm13+11", "67": "Cmadd11", "68": "Db3", "69": "Db5", "70": "Db", "71": "Dbm", "72": "Dbdim", "73": "Dbaug", "74": "Dbsus2", "75": "Dbsus4", "76": "Db6", "77": "Db7", "78": "Db7-5", "79": "Dbmaj7b5", "80": "Db7+5", "81": "Db6sus2", "82": "Db7sus2", "83": "Db7sus4", "84": "Dbm6", "85": "Dbm7", "86": "DbAmMaj7", "87": "Dbm7b5", "88": "Dbdim6", "89": "DbM7", "90": "DbM7+5", "91": "Dbadd9", "92": "Dbmadd9", "93": "Dbadd2", "94": "Dbadd4", "95": "Dbadd11", "96": "Dbsus4(add13)", "97": "Db6/9", "98": "Db6add11", "99": "Dbm6add11", "100": "Dbadd4add9", "101": "Db9", "102": "Dbm9", "103": "DbM9", "104": "Db9sus4", "105": "Db7_6", "106": "Db7-9", "107": "Db7+9", "108": "Db9-5", "109": "Db9+5", "110": "Db7#9b5", "111": "Db7#9#5", "112": "Db7b9b5", "113": "Db7b9#5", "114": "Db11", "115": "Db7+11", "116": "Dbm7add11", "117": "Dbmaj11", "118": "Dbm11", "119": "Db7b9#9", "120": "Db7b9#11", "121": "Db7#9#11", "122": "Db7-13", "123": "Dbm7add4", "124": "Db9+11", "125": "Dbm9+11", "126": "Db13", "127": "Dbmaj13", "128": "Dbmadd13", "129": "Db13sus4", "130": "Db13-9", "131": "Db13+9", "132": "Db13+11", "133": "Dbm13+11", "134": "Dbmadd11", "135": "D3", "136": "D5", "137": "D", "138": "Dm", "139": "Ddim", "140": "Daug", "141": "Dsus2", "142": "Dsus4", "143": "D6", "144": "D7", "145": "D7-5", "146": "Dmaj7b5", "147": "D7+5", "148": "D6sus2", "149": "D7sus2", "150": "D7sus4", "151": "Dm6", "152": "Dm7", "153": "DAmMaj7", "154": "Dm7b5", "155": "Ddim6", "156": "DM7", "157": "DM7+5", "158": "Dadd9", "159": "Dmadd9", "160": "Dadd2", "161": "Dadd4", "162": "Dadd11", "163": "Dsus4(add13)", "164": "D6/9", "165": "D6add11", "166": "Dm6add11", "167": "Dadd4add9", "168": "D9", "169": "Dm9", "170": "DM9", "171": "D9sus4", "172": "D7_6", "173": "D7-9", "174": "D7+9", "175": "D9-5", "176": "D9+5", "177": "D7#9b5", "178": "D7#9#5", "179": "D7b9b5", "180": "D7b9#5", "181": "D11", "182": "D7+11", "183": "Dm7add11", "184": "Dmaj11", "185": "Dm11", "186": "D7b9#9", "187": "D7b9#11", "188": "D7#9#11", "189": "D7-13", "190": "Dm7add4", "191": "D9+11", "192": "Dm9+11", "193": "D13", "194": "Dmaj13", "195": "Dmadd13", "196": "D13sus4", "197": "D13-9", "198": "D13+9", "199": "D13+11", "200": "Dm13+11", "201": "Dmadd11", "202": "Eb3", "203": "Eb5", "204": "Eb", "205": "Ebm", "206": "Ebdim", "207": "Ebaug", "208": "Ebsus2", "209": "Ebsus4", "210": "Eb6", "211": "Eb7", "212": "Eb7-5", "213": "Ebmaj7b5", "214": "Eb7+5", "215": "Eb6sus2", "216": "Eb7sus2", "217": "Eb7sus4", "218": "Ebm6", "219": "Ebm7", "220": "EbAmMaj7", "221": "Ebm7b5", "222": "Ebdim6", "223": "EbM7", "224": "EbM7+5", "225": "Ebadd9", "226": "Ebmadd9", "227": "Ebadd2", "228": "Ebadd4", "229": "Ebadd11", "230": "Ebsus4(add13)", "231": "Eb6/9", "232": "Eb6add11", "233": "Ebm6add11", "234": "Ebadd4add9", "235": "Eb9", "236": "Ebm9", "237": "EbM9", "238": "Eb9sus4", "239": "Eb7_6", "240": "Eb7-9", "241": "Eb7+9", "242": "Eb9-5", "243": "Eb9+5", "244": "Eb7#9b5", "245": "Eb7#9#5", "246": "Eb7b9b5", "247": "Eb7b9#5", "248": "Eb11", "249": "Eb7+11", "250": "Ebm7add11", "251": "Ebmaj11", "252": "Ebm11", "253": "Eb7b9#9", "254": "Eb7b9#11", "255": "Eb7#9#11", "256": "Eb7-13", "257": "Ebm7add4", "258": "Eb9+11", "259": "Ebm9+11", "260": "Eb13", "261": "Ebmaj13", "262": "Ebmadd13", "263": "Eb13sus4", "264": "Eb13-9", "265": "Eb13+9", "266": "Eb13+11", "267": "Ebm13+11", "268": "Ebmadd11", "269": "E3", "270": "E5", "271": "E", "272": "Em", "273": "Edim", "274": "Eaug", "275": "Esus2", "276": "Esus4", "277": "E6", "278": "E7", "279": "E7-5", "280": "Emaj7b5", "281": "E7+5", "282": "E6sus2", "283": "E7sus2", "284": "E7sus4", "285": "Em6", "286": "Em7", "287": "EAmMaj7", "288": "Em7b5", "289": "Edim6", "290": "EM7", "291": "EM7+5", "292": "Eadd9", "293": "Emadd9", "294": "Eadd2", "295": "Eadd4", "296": "Eadd11", "297": "Esus4(add13)", "298": "E6/9", "299": "E6add11", "300": "Em6add11", "301": "Eadd4add9", "302": "E9", "303": "Em9", "304": "EM9", "305": "E9sus4", "306": "E7_6", "307": "E7-9", "308": "E7+9", "309": "E9-5", "310": "E9+5", "311": "E7#9b5", "312": "E7#9#5", "313": "E7b9b5", "314": "E7b9#5", "315": "E11", "316": "E7+11", "317": "Em7add11", "318": "Emaj11", "319": "Em11", "320": "E7b9#9", "321": "E7b9#11", "322": "E7#9#11", "323": "E7-13", "324": "Em7add4", "325": "E9+11", "326": "Em9+11", "327": "E13", "328": "Emaj13", "329": "Emadd13", "330": "E13sus4", "331": "E13-9", "332": "E13+9", "333": "E13+11", "334": "Em13+11", "335": "Emadd11", "336": "F3", "337": "F5", "338": "F", "339": "Fm", "340": "Fdim", "341": "Faug", "342": "Fsus2", "343": "Fsus4", "344": "F6", "345": "F7", "346": "F7-5", "347": "Fmaj7b5", "348": "F7+5", "349": "F6sus2", "350": "F7sus2", "351": "F7sus4", "352": "Fm6", "353": "Fm7", "354": "FAmMaj7", "355": "Fm7b5", "356": "Fdim6", "357": "FM7", "358": "FM7+5", "359": "Fadd9", "360": "Fmadd9", "361": "Fadd2", "362": "Fadd4", "363": "Fadd11", "364": "Fsus4(add13)", "365": "F6/9", "366": "F6add11", "367": "Fm6add11", "368": "Fadd4add9", "369": "F9", "370": "Fm9", "371": "FM9", "372": "F9sus4", "373": "F7_6", "374": "F7-9", "375": "F7+9", "376": "F9-5", "377": "F9+5", "378": "F7#9b5", "379": "F7#9#5", "380": "F7b9b5", "381": "F7b9#5", "382": "F11", "383": "F7+11", "384": "Fm7add11", "385": "Fmaj11", "386": "Fm11", "387": "F7b9#9", "388": "F7b9#11", "389": "F7#9#11", "390": "F7-13", "391": "Fm7add4", "392": "F9+11", "393": "Fm9+11", "394": "F13", "395": "Fmaj13", "396": "Fmadd13", "397": "F13sus4", "398": "F13-9", "399": "F13+9", "400": "F13+11", "401": "Fm13+11", "402": "Fmadd11", "403": "F#3", "404": "F#5", "405": "F#", "406": "F#m", "407": "F#dim", "408": "F#aug", "409": "F#sus2", "410": "F#sus4", "411": "F#6", "412": "F#7", "413": "F#7-5", "414": "F#maj7b5", "415": "F#7+5", "416": "F#6sus2", "417": "F#7sus2", "418": "F#7sus4", "419": "F#m6", "420": "F#m7", "421": "F#AmMaj7", "422": "F#m7b5", "423": "F#dim6", "424": "F#M7", "425": "F#M7+5", "426": "F#add9", "427": "F#madd9", "428": "F#add2", "429": "F#add4", "430": "F#add11", "431": "F#sus4(add13)", "432": "F#6/9", "433": "F#6add11", "434": "F#m6add11", "435": "F#add4add9", "436": "F#9", "437": "F#m9", "438": "F#M9", "439": "F#9sus4", "440": "F#7_6", "441": "F#7-9", "442": "F#7+9", "443": "F#9-5", "444": "F#9+5", "445": "F#7#9b5", "446": "F#7#9#5", "447": "F#7b9b5", "448": "F#7b9#5", "449": "F#11", "450": "F#7+11", "451": "F#m7add11", "452": "F#maj11", "453": "F#m11", "454": "F#7b9#9", "455": "F#7b9#11", "456": "F#7#9#11", "457": "F#7-13", "458": "F#m7add4", "459": "F#9+11", "460": "F#m9+11", "461": "F#13", "462": "F#maj13", "463": "F#madd13", "464": "F#13sus4", "465": "F#13-9", "466": "F#13+9", "467": "F#13+11", "468": "F#m13+11", "469": "F#madd11", "470": "G3", "471": "G5", "472": "G", "473": "Gm", "474": "Gdim", "475": "Gaug", "476": "Gsus2", "477": "Gsus4", "478": "G6", "479": "G7", "480": "G7-5", "481": "Gmaj7b5", "482": "G7+5", "483": "G6sus2", "484": "G7sus2", "485": "G7sus4", "486": "Gm6", "487": "Gm7", "488": "GAmMaj7", "489": "Gm7b5", "490": "Gdim6", "491": "GM7", "492": "GM7+5", "493": "Gadd9", "494": "Gmadd9", "495": "Gadd2", "496": "Gadd4", "497": "Gadd11", "498": "Gsus4(add13)", "499": "G6/9", "500": "G6add11", "501": "Gm6add11", "502": "Gadd4add9", "503": "G9", "504": "Gm9", "505": "GM9", "506": "G9sus4", "507": "G7_6", "508": "G7-9", "509": "G7+9", "510": "G9-5", "511": "G9+5", "512": "G7#9b5", "513": "G7#9#5", "514": "G7b9b5", "515": "G7b9#5", "516": "G11", "517": "G7+11", "518": "Gm7add11", "519": "Gmaj11", "520": "Gm11", "521": "G7b9#9", "522": "G7b9#11", "523": "G7#9#11", "524": "G7-13", "525": "Gm7add4", "526": "G9+11", "527": "Gm9+11", "528": "G13", "529": "Gmaj13", "530": "Gmadd13", "531": "G13sus4", "532": "G13-9", "533": "G13+9", "534": "G13+11", "535": "Gm13+11", "536": "Gmadd11", "537": "Ab3", "538": "Ab5", "539": "Ab", "540": "Abm", "541": "Abdim", "542": "Abaug", "543": "Absus2", "544": "Absus4", "545": "Ab6", "546": "Ab7", "547": "Ab7-5", "548": "Abmaj7b5", "549": "Ab7+5", "550": "Ab6sus2", "551": "Ab7sus2", "552": "Ab7sus4", "553": "Abm6", "554": "Abm7", "555": "AbAmMaj7", "556": "Abm7b5", "557": "Abdim6", "558": "AbM7", "559": "AbM7+5", "560": "Abadd9", "561": "Abmadd9", "562": "Abadd2", "563": "Abadd4", "564": "Abadd11", "565": "Absus4(add13)", "566": "Ab6/9", "567": "Ab6add11", "568": "Abm6add11", "569": "Abadd4add9", "570": "Ab9", "571": "Abm9", "572": "AbM9", "573": "Ab9sus4", "574": "Ab7_6", "575": "Ab7-9", "576": "Ab7+9", "577": "Ab9-5", "578": "Ab9+5", "579": "Ab7#9b5", "580": "Ab7#9#5", "581": "Ab7b9b5", "582": "Ab7b9#5", "583": "Ab11", "584": "Ab7+11", "585": "Abm7add11", "586": "Abmaj11", "587": "Abm11", "588": "Ab7b9#9", "589": "Ab7b9#11", "590": "Ab7#9#11", "591": "Ab7-13", "592": "Abm7add4", "593": "Ab9+11", "594": "Abm9+11", "595": "Ab13", "596": "Abmaj13", "597": "Abmadd13", "598": "Ab13sus4", "599": "Ab13-9", "600": "Ab13+9", "601": "Ab13+11", "602": "Abm13+11", "603": "Abmadd11", "604": "A3", "605": "A5", "606": "A", "607": "Am", "608": "Adim", "609": "Aaug", "610": "Asus2", "611": "Asus4", "612": "A6", "613": "A7", "614": "A7-5", "615": "Amaj7b5", "616": "A7+5", "617": "A6sus2", "618": "A7sus2", "619": "A7sus4", "620": "Am6", "621": "Am7", "622": "AAmMaj7", "623": "Am7b5", "624": "Adim6", "625": "AM7", "626": "AM7+5", "627": "Aadd9", "628": "Amadd9", "629": "Aadd2", "630": "Aadd4", "631": "Aadd11", "632": "Asus4(add13)", "633": "A6/9", "634": "A6add11", "635": "Am6add11", "636": "Aadd4add9", "637": "A9", "638": "Am9", "639": "AM9", "640": "A9sus4", "641": "A7_6", "642": "A7-9", "643": "A7+9", "644": "A9-5", "645": "A9+5", "646": "A7#9b5", "647": "A7#9#5", "648": "A7b9b5", "649": "A7b9#5", "650": "A11", "651": "A7+11", "652": "Am7add11", "653": "Amaj11", "654": "Am11", "655": "A7b9#9", "656": "A7b9#11", "657": "A7#9#11", "658": "A7-13", "659": "Am7add4", "660": "A9+11", "661": "Am9+11", "662": "A13", "663": "Amaj13", "664": "Amadd13", "665": "A13sus4", "666": "A13-9", "667": "A13+9", "668": "A13+11", "669": "Am13+11", "670": "Amadd11", "671": "Bb3", "672": "Bb5", "673": "Bb", "674": "Bbm", "675": "Bbdim", "676": "Bbaug", "677": "Bbsus2", "678": "Bbsus4", "679": "Bb6", "680": "Bb7", "681": "Bb7-5", "682": "Bbmaj7b5", "683": "Bb7+5", "684": "Bb6sus2", "685": "Bb7sus2", "686": "Bb7sus4", "687": "Bbm6", "688": "Bbm7", "689": "BbAmMaj7", "690": "Bbm7b5", "691": "Bbdim6", "692": "BbM7", "693": "BbM7+5", "694": "Bbadd9", "695": "Bbmadd9", "696": "Bbadd2", "697": "Bbadd4", "698": "Bbadd11", "699": "Bbsus4(add13)", "700": "Bb6/9", "701": "Bb6add11", "702": "Bbm6add11", "703": "Bbadd4add9", "704": "Bb9", "705": "Bbm9", "706": "BbM9", "707": "Bb9sus4", "708": "Bb7_6", "709": "Bb7-9", "710": "Bb7+9", "711": "Bb9-5", "712": "Bb9+5", "713": "Bb7#9b5", "714": "Bb7#9#5", "715": "Bb7b9b5", "716": "Bb7b9#5", "717": "Bb11", "718": "Bb7+11", "719": "Bbm7add11", "720": "Bbmaj11", "721": "Bbm11", "722": "Bb7b9#9", "723": "Bb7b9#11", "724": "Bb7#9#11", "725": "Bb7-13", "726": "Bbm7add4", "727": "Bb9+11", "728": "Bbm9+11", "729": "Bb13", "730": "Bbmaj13", "731": "Bbmadd13", "732": "Bb13sus4", "733": "Bb13-9", "734": "Bb13+9", "735": "Bb13+11", "736": "Bbm13+11", "737": "Bbmadd11", "738": "B3", "739": "B5", "740": "B", "741": "Bm", "742": "Bdim", "743": "Baug", "744": "Bsus2", "745": "Bsus4", "746": "B6", "747": "B7", "748": "B7-5", "749": "Bmaj7b5", "750": "B7+5", "751": "B6sus2", "752": "B7sus2", "753": "B7sus4", "754": "Bm6", "755": "Bm7", "756": "BAmMaj7", "757": "Bm7b5", "758": "Bdim6", "759": "BM7", "760": "BM7+5", "761": "Badd9", "762": "Bmadd9", "763": "Badd2", "764": "Badd4", "765": "Badd11", "766": "Bsus4(add13)", "767": "B6/9", "768": "B6add11", "769": "Bm6add11", "770": "Badd4add9", "771": "B9", "772": "Bm9", "773": "BM9", "774": "B9sus4", "775": "B7_6", "776": "B7-9", "777": "B7+9", "778": "B9-5", "779": "B9+5", "780": "B7#9b5", "781": "B7#9#5", "782": "B7b9b5", "783": "B7b9#5", "784": "B11", "785": "B7+11", "786": "Bm7add11", "787": "Bmaj11", "788": "Bm11", "789": "B7b9#9", "790": "B7b9#11", "791": "B7#9#11", "792": "B7-13", "793": "Bm7add4", "794": "B9+11", "795": "Bm9+11", "796": "B13", "797": "Bmaj13", "798": "Bmadd13", "799": "B13sus4", "800": "B13-9", "801": "B13+9", "802": "B13+11", "803": "Bm13+11", "804": "Bmadd11"}