{"3": [0, 4], "5": [0, 7], "-5": [0, 7], "sus": [0, 7], "": [0, 4, 7], "maj": [0, 4, 7], "M": [0, 4, 7], "m": [0, 3, 7], "min": [0, 3, 7], "mi": [0, 3, 7], "dim": [0, 3, 6], "b5": [0, 3, 6], "o": [0, 3, 6], "aug": [0, 4, 8], "(aug)": [0, 4, 8], "+5": [0, 4, 8], "+": [0, 4, 8], "sus2": [0, 2, 7], "(sus2)": [0, 2, 7], "sus4": [0, 5, 7], "(sus4)": [0, 5, 7], "s4": [0, 5, 7], "6": [0, 4, 7, 9], "add6": [0, 4, 7, 9], "7": [0, 4, 7, 10], "(7)": [0, 4, 7, 10], "(M7)": [0, 4, 7, 10], "7-5": [0, 4, 6, 10], "7_5": [0, 4, 6, 10], "7b5": [0, 4, 6, 10], "maj7b5": [0, 4, 6, 11], "7+5": [0, 4, 8, 10], "7+": [0, 4, 8, 10], "7#5": [0, 4, 8, 10], "7(#5)": [0, 4, 8, 10], "6sus2": [0, 2, 7, 9], "7sus2": [0, 2, 7, 10], "maj7sus2": [0, 2, 7, 10], "7sus4": [0, 5, 7, 10], "7(sus)": [0, 5, 7, 10], "sus7": [0, 5, 7, 10], "7sus": [0, 5, 7, 10], "m6": [0, 3, 7, 9], "m7": [0, 3, 7, 10], "m(7)": [0, 3, 7, 10], "7m": [0, 3, 7, 10], "AmMaj7": [0, 3, 7, 11], "min7": [0, 3, 7, 10], "dim7": [0, 3, 7, 10], "o7": [0, 3, 7, 10], "m7b5": [0, 3, 6, 10], "m7-5": [0, 3, 6, 10], "dim6": [0, 3, 6, 9], "M7": [0, 4, 7, 11], "7M": [0, 4, 7, 11], "Maj7": [0, 4, 7, 11], "maj7": [0, 4, 7, 11], "ma7": [0, 4, 7, 11], "M7+5": [0, 4, 8, 11], "mM7": [0, 3, 7, 11], "mmaj7": [0, 3, 7, 11], "m(maj7)": [0, 3, 7, 11], "add9": [0, 4, 7, 14], "(add9)": [0, 4, 7, 14], "madd9": [0, 3, 7, 14], "2": [0, 4, 7, 14], "add2": [0, 2, 4, 7], "add4": [0, 4, 5, 7], "add11": [0, 4, 7, 17], "(add2)": [0, 2, 4, 7], "(add4)": [0, 4, 5, 7], "(add11)": [0, 4, 7, 17], "4": [0, 4, 7, 17], "sus4(add13)": [0, 5, 7, 20], "6/9": [0, 4, 7, 9, 14], "6_9": [0, 4, 7, 9, 14], "6add11": [0, 4, 7, 9, 17], "6add9": [0, 4, 7, 9, 14], "m6add11": [0, 3, 7, 9, 17], "add4add9": [0, 3, 5, 7, 14], "9": [0, 4, 7, 10, 14], "(9)": [0, 4, 7, 10, 14], "m9": [0, 3, 7, 10, 14], "M9": [0, 4, 7, 11, 14], "maj9": [0, 4, 7, 11, 14], "9sus4": [0, 5, 7, 10, 14], "9sus": [0, 5, 7, 10, 14], "7_6": [0, 4, 7, 9, 10], "7-9": [0, 4, 7, 10, 13], "7_9": [0, 4, 7, 10, 13], "7b9": [0, 4, 7, 10, 13], "7(b9)": [0, 4, 7, 10, 13], "7+9": [0, 4, 7, 10, 15], "7(#9)": [0, 4, 7, 10, 15], "7#9": [0, 4, 7, 10, 15], "9-5": [0, 4, 6, 10, 14], "9b5": [0, 4, 6, 10, 14], "9+5": [0, 4, 8, 10, 14], "9#5": [0, 4, 8, 10, 14], "7#9b5": [0, 4, 6, 10, 15], "7#9#5": [0, 4, 8, 10, 15], "7b9b5": [0, 4, 6, 10, 13], "7b9#5": [0, 4, 8, 10, 13], "11": [0, 7, 10, 14, 17], "7+11": [0, 4, 7, 10, 18], "maj7#11": [0, 4, 7, 10, 18], "7#11": [0, 4, 7, 10, 18], "m7add11": [0, 3, 7, 10, 18], "maj11": [0, 4, 7, 11, 17], "m11": [0, 3, 7, 11, 17], "7b9#9": [0, 4, 7, 10, 13, 15], "7b9#11": [0, 4, 7, 10, 13, 18], "7#9#11": [0, 4, 7, 10, 15, 18], "7-13": [0, 4, 7, 10, 20], "7add13": [0, 4, 7, 10, 20], "7b13": [0, 4, 7, 10, 20], "m7add4": [0, 4, 5, 7, 10], "maj7add6": [0, 4, 7, 9, 10], "9+11": [0, 4, 7, 10, 14, 18], "m9+11": [0, 3, 7, 10, 14, 18], "9#11": [0, 4, 7, 10, 14, 18], "13": [0, 4, 7, 10, 14, 21], "maj13": [0, 4, 7, 11, 14, 21], "add13": [0, 4, 7, 11, 14, 21], "madd13": [0, 3, 7, 10, 14, 21], "13sus4": [0, 5, 7, 10, 14, 21], "m13": [0, 3, 7, 10, 14, 21], "13-9": [0, 4, 7, 10, 13, 21], "13b9": [0, 4, 7, 10, 13, 21], "13+9": [0, 4, 7, 10, 15, 21], "13#9": [0, 4, 7, 10, 15, 21], "13+11": [0, 4, 7, 10, 18, 21], "m13+11": [0, 3, 7, 10, 18, 21], "13#11": [0, 4, 7, 10, 18, 21], "madd11": [0, 3, 7, 10, 14, 17]}