{"format": "layers-model", "generatedBy": "keras v2.3.1", "convertedBy": "TensorFlow.js Converter v1.4.0", "modelTopology": {"keras_version": "2.3.1", "backend": "tensorflow", "model_config": {"class_name": "Sequential", "config": {"name": "sequential_14", "layers": [{"class_name": "Embedding", "config": {"name": "embedding_14", "trainable": true, "batch_input_shape": [null, 20], "dtype": "float32", "input_dim": 805, "output_dim": 20, "embeddings_initializer": {"class_name": "RandomUniform", "config": {"minval": -0.05, "maxval": 0.05, "seed": null}}, "embeddings_regularizer": null, "activity_regularizer": null, "embeddings_constraint": null, "mask_zero": true, "input_length": 20}}, {"class_name": "LSTM", "config": {"name": "lstm_27", "trainable": true, "dtype": "float32", "return_sequences": true, "return_state": false, "go_backwards": false, "stateful": false, "unroll": false, "units": 50, "activation": "tanh", "recurrent_activation": "sigmoid", "use_bias": true, "kernel_initializer": {"class_name": "VarianceScaling", "config": {"scale": 1.0, "mode": "fan_avg", "distribution": "uniform", "seed": null}}, "recurrent_initializer": {"class_name": "Orthogonal", "config": {"gain": 1.0, "seed": null}}, "bias_initializer": {"class_name": "Zeros", "config": {}}, "unit_forget_bias": true, "kernel_regularizer": null, "recurrent_regularizer": null, "bias_regularizer": null, "activity_regularizer": null, "kernel_constraint": null, "recurrent_constraint": null, "bias_constraint": null, "dropout": 0.0, "recurrent_dropout": 0.0, "implementation": 2}}, {"class_name": "LSTM", "config": {"name": "lstm_28", "trainable": true, "dtype": "float32", "return_sequences": false, "return_state": false, "go_backwards": false, "stateful": false, "unroll": false, "units": 50, "activation": "tanh", "recurrent_activation": "sigmoid", "use_bias": true, "kernel_initializer": {"class_name": "VarianceScaling", "config": {"scale": 1.0, "mode": "fan_avg", "distribution": "uniform", "seed": null}}, "recurrent_initializer": {"class_name": "Orthogonal", "config": {"gain": 1.0, "seed": null}}, "bias_initializer": {"class_name": "Zeros", "config": {}}, "unit_forget_bias": true, "kernel_regularizer": null, "recurrent_regularizer": null, "bias_regularizer": null, "activity_regularizer": null, "kernel_constraint": null, "recurrent_constraint": null, "bias_constraint": null, "dropout": 0.0, "recurrent_dropout": 0.0, "implementation": 2}}, {"class_name": "Dense", "config": {"name": "dense_27", "trainable": true, "dtype": "float32", "units": 50, "activation": "relu", "use_bias": true, "kernel_initializer": {"class_name": "VarianceScaling", "config": {"scale": 1.0, "mode": "fan_avg", "distribution": "uniform", "seed": null}}, "bias_initializer": {"class_name": "Zeros", "config": {}}, "kernel_regularizer": null, "bias_regularizer": null, "activity_regularizer": null, "kernel_constraint": null, "bias_constraint": null}}, {"class_name": "Dense", "config": {"name": "dense_28", "trainable": true, "dtype": "float32", "units": 805, "activation": "softmax", "use_bias": true, "kernel_initializer": {"class_name": "VarianceScaling", "config": {"scale": 1.0, "mode": "fan_avg", "distribution": "uniform", "seed": null}}, "bias_initializer": {"class_name": "Zeros", "config": {}}, "kernel_regularizer": null, "bias_regularizer": null, "activity_regularizer": null, "kernel_constraint": null, "bias_constraint": null}}]}}, "training_config": {"optimizer_config": {"class_name": "Adam", "config": {"learning_rate": 0.0010000000474974513, "beta_1": 0.8999999761581421, "beta_2": 0.9990000128746033, "decay": 0.0, "epsilon": 1e-07, "amsgrad": false}}, "loss": "categorical_crossentropy", "metrics": ["accuracy"], "weighted_metrics": null, "sample_weight_mode": null, "loss_weights": null}}, "weightsManifest": [{"paths": ["group1-shard1of1.bin"], "weights": [{"name": "dense_27/kernel", "shape": [50, 50], "dtype": "float32"}, {"name": "dense_27/bias", "shape": [50], "dtype": "float32"}, {"name": "dense_28/kernel", "shape": [50, 805], "dtype": "float32"}, {"name": "dense_28/bias", "shape": [805], "dtype": "float32"}, {"name": "embedding_14/embeddings", "shape": [805, 20], "dtype": "float32"}, {"name": "lstm_27/kernel", "shape": [20, 200], "dtype": "float32"}, {"name": "lstm_27/recurrent_kernel", "shape": [50, 200], "dtype": "float32"}, {"name": "lstm_27/bias", "shape": [200], "dtype": "float32"}, {"name": "lstm_28/kernel", "shape": [50, 200], "dtype": "float32"}, {"name": "lstm_28/recurrent_kernel", "shape": [50, 200], "dtype": "float32"}, {"name": "lstm_28/bias", "shape": [200], "dtype": "float32"}]}]}